<ImportExportXml version="8.2.0000.0798" SolutionPackageVersion="8.2" languagecode="1033" generatedBy="CrmLive" xmlns:xsi="http://www.w3.org/2001/XMLSchema-instance">
  <SolutionManifest>
    <UniqueName>MultiEntitySearch</UniqueName>
    <LocalizedNames>
      <LocalizedName description="MultiEntity Search" languagecode="1033" />
    </LocalizedNames>
    <Descriptions />
    <Version>1.0.0.0</Version>
    <Managed>0</Managed>
    <Publisher>
      <UniqueName>dawsonsoft</UniqueName>
      <LocalizedNames>
        <LocalizedName description="Dawson Soft" languagecode="1033" />
      </LocalizedNames>
      <Descriptions />
      <EMailAddress xsi:nil="true"></EMailAddress>
      <SupportingWebsiteUrl xsi:nil="true"></SupportingWebsiteUrl>
      <CustomizationPrefix>ds</CustomizationPrefix>
      <CustomizationOptionValuePrefix>71759</CustomizationOptionValuePrefix>
      <Addresses>
        <Address>
          <AddressNumber>1</AddressNumber>
          <AddressTypeCode>1</AddressTypeCode>
          <City xsi:nil="true"></City>
          <County xsi:nil="true"></County>
          <Country xsi:nil="true"></Country>
          <Fax xsi:nil="true"></Fax>
          <FreightTermsCode xsi:nil="true"></FreightTermsCode>
          <ImportSequenceNumber xsi:nil="true"></ImportSequenceNumber>
          <Latitude xsi:nil="true"></Latitude>
          <Line1 xsi:nil="true"></Line1>
          <Line2 xsi:nil="true"></Line2>
          <Line3 xsi:nil="true"></Line3>
          <Longitude xsi:nil="true"></Longitude>
          <Name xsi:nil="true"></Name>
          <PostalCode xsi:nil="true"></PostalCode>
          <PostOfficeBox xsi:nil="true"></PostOfficeBox>
          <PrimaryContactName xsi:nil="true"></PrimaryContactName>
          <ShippingMethodCode>1</ShippingMethodCode>
          <StateOrProvince xsi:nil="true"></StateOrProvince>
          <Telephone1 xsi:nil="true"></Telephone1>
          <Telephone2 xsi:nil="true"></Telephone2>
          <Telephone3 xsi:nil="true"></Telephone3>
          <TimeZoneRuleVersionNumber xsi:nil="true"></TimeZoneRuleVersionNumber>
          <UPSZone xsi:nil="true"></UPSZone>
          <UTCOffset xsi:nil="true"></UTCOffset>
          <UTCConversionTimeZoneCode xsi:nil="true"></UTCConversionTimeZoneCode>
        </Address>
        <Address>
          <AddressNumber>2</AddressNumber>
          <AddressTypeCode>1</AddressTypeCode>
          <City xsi:nil="true"></City>
          <County xsi:nil="true"></County>
          <Country xsi:nil="true"></Country>
          <Fax xsi:nil="true"></Fax>
          <FreightTermsCode xsi:nil="true"></FreightTermsCode>
          <ImportSequenceNumber xsi:nil="true"></ImportSequenceNumber>
          <Latitude xsi:nil="true"></Latitude>
          <Line1 xsi:nil="true"></Line1>
          <Line2 xsi:nil="true"></Line2>
          <Line3 xsi:nil="true"></Line3>
          <Longitude xsi:nil="true"></Longitude>
          <Name xsi:nil="true"></Name>
          <PostalCode xsi:nil="true"></PostalCode>
          <PostOfficeBox xsi:nil="true"></PostOfficeBox>
          <PrimaryContactName xsi:nil="true"></PrimaryContactName>
          <ShippingMethodCode>1</ShippingMethodCode>
          <StateOrProvince xsi:nil="true"></StateOrProvince>
          <Telephone1 xsi:nil="true"></Telephone1>
          <Telephone2 xsi:nil="true"></Telephone2>
          <Telephone3 xsi:nil="true"></Telephone3>
          <TimeZoneRuleVersionNumber xsi:nil="true"></TimeZoneRuleVersionNumber>
          <UPSZone xsi:nil="true"></UPSZone>
          <UTCOffset xsi:nil="true"></UTCOffset>
          <UTCConversionTimeZoneCode xsi:nil="true"></UTCConversionTimeZoneCode>
        </Address>
      </Addresses>
    </Publisher>
    <RootComponents>
      <RootComponent type="61" schemaName="ds_/datagrid/css/datagrideditable.min.css" behavior="0" />
      <RootComponent type="61" schemaName="ds_/datagrid/img/attachment32.png" behavior="0" />
      <RootComponent type="61" schemaName="ds_/datagrid/img/bar_line.gif" behavior="0" />
      <RootComponent type="61" schemaName="ds_/datagrid/img/checkbox.png" behavior="0" />
      <RootComponent type="61" schemaName="ds_/datagrid/img/checkbox_light.png" behavior="0" />
      <RootComponent type="61" schemaName="ds_/datagrid/img/frm_required.gif" behavior="0" />
      <RootComponent type="61" schemaName="ds_/datagrid/img/grid_Refresh.gif" behavior="0" />
      <RootComponent type="61" schemaName="ds_/datagrid/img/page_FL0.gif" behavior="0" />
      <RootComponent type="61" schemaName="ds_/datagrid/img/page_FL1.gif" behavior="0" />
      <RootComponent type="61" schemaName="ds_/datagrid/img/page_L0.gif" behavior="0" />
      <RootComponent type="61" schemaName="ds_/datagrid/img/page_L1.gif" behavior="0" />
      <RootComponent type="61" schemaName="ds_/datagrid/img/page_R0.gif" behavior="0" />
      <RootComponent type="61" schemaName="ds_/datagrid/img/page_R1.gif" behavior="0" />
      <RootComponent type="61" schemaName="ds_/datagrid/img/processing_loader.gif" behavior="0" />
      <RootComponent type="61" schemaName="ds_/datagrid/img/resize.gif" behavior="0" />
      <RootComponent type="61" schemaName="ds_/datagrid/js/datagrideditable.min.js" behavior="0" />
      <RootComponent type="61" schemaName="ds_/MultiEntitySearch.html" behavior="0" />
      <RootComponent type="61" schemaName="ds_/Scripts/CommonUtils.js" behavior="0" />
      <RootComponent type="61" schemaName="ds_/Scripts/getFetchXmlResults.js" behavior="0" />
      <RootComponent type="61" schemaName="ds_/Scripts/jquery.min.js" behavior="0" />
      <RootComponent type="61" schemaName="ds_/Scripts/knockout.min.js" behavior="0" />
      <RootComponent type="61" schemaName="ds_/Scripts/MultiEntitySearch.js" behavior="0" />
      <RootComponent type="61" schemaName="ds_/Scripts/SDKMetadata.js" behavior="0" />
      <RootComponent type="61" schemaName="ds_/Styles/CEM.css" behavior="0" />
      <RootComponent type="61" schemaName="ds_Search32x32SiteSubArea.png" behavior="0" />
      <RootComponent type="62" behavior="0" />
    </RootComponents>
    <MissingDependencies>
      <MissingDependency>
        <Required key="0" type="1" schemaName="msdyn_resourcerequirement" displayName="Resource Requirement" solution="MicrosoftDynamicsScheduling (1.0.2.152)" />
        <Dependent key="1" type="62" />
      </MissingDependency>
      <MissingDependency>
        <Required key="2" type="1" schemaName="msdyn_inventorytransfer" displayName="Inventory Transfer" solution="FieldService (6.1.0.1462)" />
        <Dependent key="1" type="62" />
      </MissingDependency>
      <MissingDependency>
        <Required key="3" type="1" schemaName="msdyn_priority" displayName="Priority" solution="MicrosoftDynamicsScheduling (1.0.2.152)" />
        <Dependent key="1" type="62" />
      </MissingDependency>
      <MissingDependency>
        <Required key="4" type="1" schemaName="msdyn_journal" displayName="Journal" solution="ProjectService (1.1.0.62)" />
        <Dependent key="1" type="62" />
      </MissingDependency>
      <MissingDependency>
        <Required key="5" type="1" schemaName="msdyn_actual" displayName="Actual" solution="MicrosoftDynamicsScheduling (1.0.2.152)" />
        <Dependent key="1" type="62" />
      </MissingDependency>
      <MissingDependency>
        <Required key="6" type="1" schemaName="msdyn_requirementstatus" displayName="Requirement Status" solution="MicrosoftDynamicsScheduling (1.0.2.152)" />
        <Dependent key="1" type="62" />
      </MissingDependency>
      <MissingDependency>
        <Required key="7" type="1" schemaName="msdynsm_settingssitemap" displayName="SettingsSiteMap" solution="SiteMapCustomization (1.8)" />
        <Dependent key="1" type="62" />
      </MissingDependency>
      <MissingDependency>
        <Required key="8" type="1" schemaName="msdyn_purchaseorderreceipt" displayName="Purchase Order Receipt" solution="FieldService (6.1.0.1462)" />
        <Dependent key="1" type="62" />
      </MissingDependency>
      <MissingDependency>
        <Required key="9" type="1" schemaName="msdyn_purchaseorderbill" displayName="Purchase Order Bill" solution="FieldService (6.1.0.1462)" />
        <Dependent key="1" type="62" />
      </MissingDependency>
      <MissingDependency>
        <Required key="10" type="1" schemaName="msdyn_resourceterritory" displayName="Resource Territory" solution="MicrosoftDynamicsScheduling (1.0.2.152)" />
        <Dependent key="1" type="62" />
      </MissingDependency>
      <MissingDependency>
        <Required key="11" type="1" schemaName="msdyn_projectparameter" displayName="Project Parameter" solution="ProjectService (1.1.0.62)" />
        <Dependent key="1" type="62" />
      </MissingDependency>
      <MissingDependency>
        <Required key="12" type="1" schemaName="msdynsm_salessitemap" displayName="SalesSiteMap" solution="SiteMapCustomization (1.8)" />
        <Dependent key="1" type="62" />
      </MissingDependency>
      <MissingDependency>
        <Required key="13" type="1" schemaName="msdyn_expensecategory" displayName="Expense Category" solution="ProjectService (1.1.0.62)" />
        <Dependent key="1" type="62" />
      </MissingDependency>
      <MissingDependency>
        <Required key="14" type="1" schemaName="msdyn_projecttaskstatususer" displayName="Project Task Status User" solution="ProjectService (1.1.0.62)" />
        <Dependent key="1" type="62" />
      </MissingDependency>
      <MissingDependency>
        <Required key="15" type="1" schemaName="msdyn_resourcerequest" displayName="Resource Request" solution="ProjectService (1.1.0.62)" />
        <Dependent key="1" type="62" />
      </MissingDependency>
      <MissingDependency>
        <Required key="16" type="1" schemaName="msdyn_timeoffrequest" displayName="Time Off Request" solution="FieldService (6.1.0.1462)" />
        <Dependent key="1" type="62" />
      </MissingDependency>
      <MissingDependency>
        <Required key="17" type="1" schemaName="msdyn_timeentry" displayName="Time Entry" solution="ProjectService (1.1.0.62)" />
        <Dependent key="1" type="62" />
      </MissingDependency>
      <MissingDependency>
        <Required key="18" type="1" schemaName="msdyn_batchjob" displayName="Batch Job" solution="ProjectService (1.1.0.62)" />
        <Dependent key="1" type="62" />
      </MissingDependency>
      <MissingDependency>
        <Required key="19" type="1" schemaName="msdyn_customerasset" displayName="Customer Asset" solution="FieldService (6.1.0.1462)" />
        <Dependent key="1" type="62" />
      </MissingDependency>
      <MissingDependency>
        <Required key="20" type="1" schemaName="msdyn_purchaseorder" displayName="Purchase Order" solution="FieldService (6.1.0.1462)" />
        <Dependent key="1" type="62" />
      </MissingDependency>
      <MissingDependency>
        <Required key="21" type="1" schemaName="msdyn_workorder" displayName="Work Order" solution="FieldService (6.1.0.1462)" />
        <Dependent key="1" type="62" />
      </MissingDependency>
      <MissingDependency>
        <Required key="22" type="1" schemaName="msdyn_schedulingparameter" displayName="Scheduling Parameter" solution="MicrosoftDynamicsScheduling (1.0.2.152)" />
        <Dependent key="1" type="62" />
      </MissingDependency>
      <MissingDependency>
        <Required key="23" type="1" schemaName="msdyn_projectapproval" displayName="Project Approval" solution="ProjectService (1.1.0.62)" />
        <Dependent key="1" type="62" />
      </MissingDependency>
      <MissingDependency>
        <Required key="24" type="1" schemaName="msdyn_transactioncategory" displayName="Transaction Category" solution="ProjectService (1.1.0.62)" />
        <Dependent key="1" type="62" />
      </MissingDependency>
      <MissingDependency>
        <Required key="25" type="1" schemaName="msdynsm_marketingsitemap" displayName="MarketingSiteMap" solution="SiteMapCustomization (1.8)" />
        <Dependent key="1" type="62" />
      </MissingDependency>
      <MissingDependency>
        <Required key="26" type="1" schemaName="msdyn_delegation" displayName="Delegation" solution="ProjectService (1.1.0.62)" />
        <Dependent key="1" type="62" />
      </MissingDependency>
      <MissingDependency>
        <Required key="27" type="1" schemaName="msdyn_postruleconfig" displayName="Post Rule Configuration" solution="ActivityFeedsCore (8.2.0.0)" />
        <Dependent key="1" type="62" />
      </MissingDependency>
      <MissingDependency>
        <Required key="28" type="1" schemaName="msdyn_organizationalunit" displayName="Organizational Unit" solution="MicrosoftDynamicsScheduling (1.0.2.152)" />
        <Dependent key="1" type="62" />
      </MissingDependency>
      <MissingDependency>
        <Required key="29" type="1" schemaName="msdyn_project" displayName="Project" solution="ProjectService (1.1.0.62)" />
        <Dependent key="1" type="62" />
      </MissingDependency>
      <MissingDependency>
        <Required key="30" type="1" schemaName="msdyn_postconfig" displayName="Post Configuration" solution="ActivityFeedsCore (8.2.0.0)" />
        <Dependent key="1" type="62" />
      </MissingDependency>
      <MissingDependency>
        <Required key="31" type="1" schemaName="msdyn_rtv" displayName="RTV" solution="FieldService (6.1.0.1462)" />
        <Dependent key="1" type="62" />
      </MissingDependency>
      <MissingDependency>
        <Required key="32" type="1" schemaName="msdyn_contractlinescheduleofvalue" displayName="Project Contract Line Milestone" solution="ProjectService (1.1.0.62)" />
        <Dependent key="1" type="62" />
      </MissingDependency>
      <MissingDependency>
        <Required key="33" type="1" schemaName="msdyn_workhourtemplate" displayName="Work template" solution="MicrosoftDynamicsScheduling (1.0.2.152)" />
        <Dependent key="1" type="62" />
      </MissingDependency>
      <MissingDependency>
        <Required key="34" type="1" schemaName="msdyn_rmareceipt" displayName="RMA Receipt" solution="FieldService (6.1.0.1462)" />
        <Dependent key="1" type="62" />
      </MissingDependency>
      <MissingDependency>
        <Required key="35" type="1" schemaName="msdyn_expense" displayName="Expense" solution="ProjectService (1.1.0.62)" />
        <Dependent key="1" type="62" />
      </MissingDependency>
      <MissingDependency>
        <Required key="36" type="1" schemaName="msdyn_invoicefrequency" displayName="Invoice Frequency" solution="ProjectService (1.1.0.62)" />
        <Dependent key="1" type="62" />
      </MissingDependency>
      <MissingDependency>
        <Required key="37" type="1" schemaName="msdyn_warehouse" displayName="Warehouse" solution="FieldService (6.1.0.1462)" />
        <Dependent key="1" type="62" />
      </MissingDependency>
      <MissingDependency>
        <Required key="38" type="1" schemaName="msdyn_inventoryjournal" displayName="Inventory Journal" solution="FieldService (6.1.0.1462)" />
        <Dependent key="1" type="62" />
      </MissingDependency>
      <MissingDependency>
        <Required key="39" type="1" schemaName="msdyn_rma" displayName="RMA" solution="FieldService (6.1.0.1462)" />
        <Dependent key="1" type="62" />
      </MissingDependency>
      <MissingDependency>
        <Required key="40" type="1" schemaName="msdyn_inventoryadjustment" displayName="Inventory Adjustment" solution="FieldService (6.1.0.1462)" />
        <Dependent key="1" type="62" />
      </MissingDependency>
      <MissingDependency>
        <Required key="41" type="1" schemaName="msdyn_agreement" displayName="Agreement" solution="FieldService (6.1.0.1462)" />
        <Dependent key="1" type="62" />
      </MissingDependency>
      <MissingDependency>
        <Required key="42" type="1" schemaName="msdynsm_servicessitemap" displayName="ServicesSiteMap" solution="SiteMapCustomization (1.8)" />
        <Dependent key="1" type="62" />
      </MissingDependency>
      <MissingDependency>
        <Required key="43" type="61" schemaName="msdyn_/Icons/Sitemap/FsNavTile.png" displayName="msdyn_/Icons/Sitemap/FsNavTile.png" solution="FieldService (6.1.0.1462)" />
        <Dependent key="1" type="62" />
      </MissingDependency>
      <MissingDependency>
        <Required key="44" type="61" schemaName="msdyn_/Icons/Sitemap/Warehouse_32.png" displayName="msdyn_/Icons/Sitemap/Warehouse_32.png" solution="FieldService (6.1.0.1462)" />
        <Dependent key="1" type="62" />
      </MissingDependency>
      <MissingDependency>
        <Required key="45" type="61" schemaName="msdyn_/Resource/Utilization/Pages/ResourceUtilization.htm" displayName="msdyn_/Resource/Utilization/Pages/ResourceUtilization.htm" solution="ProjectService (1.1.0.62)" />
        <Dependent key="1" type="62" />
      </MissingDependency>
      <MissingDependency>
        <Required key="46" type="61" schemaName="msdyn_/fps/Icons/Entity/Settings_32.png" displayName="msdyn_/fps/Icons/Entity/Settings_32.png" solution="MicrosoftDynamicsScheduling (1.0.2.152)" />
        <Dependent key="1" type="62" />
      </MissingDependency>
      <MissingDependency>
        <Required key="47" type="61" schemaName="msdyn_/fps/ScheduleBoard/ScheduleBoard.html" displayName="msdyn_/fps/ScheduleBoard/ScheduleBoard.html" solution="MicrosoftDynamicsScheduling (1.0.2.152)" />
        <Dependent key="1" type="62" />
      </MissingDependency>
      <MissingDependency>
        <Required key="48" type="61" schemaName="msdyn_/imgs/SiteMap/Expense_Web_32.png" displayName="msdyn_/imgs/SiteMap/Expense_Web_32.png" solution="ProjectService (1.1.0.62)" />
        <Dependent key="1" type="62" />
      </MissingDependency>
      <MissingDependency>
        <Required key="49" type="61" schemaName="msdyn_/imgs/SiteMap/Currency_32.png" displayName="msdyn_/imgs/SiteMap/Currency_32.png" solution="ProjectService (1.1.0.62)" />
        <Dependent key="1" type="62" />
      </MissingDependency>
      <MissingDependency>
        <Required key="50" type="61" schemaName="msdyn_/PersonalWall.htm" displayName="msdyn_/PersonalWall.htm" solution="ActivityFeedsCore (8.2.0.0)" />
        <Dependent key="1" type="62" />
      </MissingDependency>
      <MissingDependency>
        <Required key="51" type="61" schemaName="msdyn_/Icons/Sitemap/WorkOrder_32.png" displayName="msdyn_/Icons/Sitemap/WorkOrder_32.png" solution="FieldService (6.1.0.1462)" />
        <Dependent key="1" type="62" />
      </MissingDependency>
      <MissingDependency>
        <Required key="52" type="61" schemaName="msdyn_/Icons/Sitemap/ServiceAgreement_32.png" displayName="msdyn_/Icons/Sitemap/ServiceAgreement_32.png" solution="FieldService (6.1.0.1462)" />
        <Dependent key="1" type="62" />
      </MissingDependency>
      <MissingDependency>
        <Required key="53" type="61" schemaName="msdyn_/fps/ScheduleSetup/ResourceScheduling.html" displayName="msdyn_/fps/ScheduleSetup/ResourceScheduling.html" solution="MicrosoftDynamicsScheduling (1.0.2.152)" />
        <Dependent key="1" type="62" />
      </MissingDependency>
      <MissingDependency>
        <Required key="54" type="61" schemaName="msdyn_/Images/Wall_16.png" displayName="msdyn_/Images/Wall_16.png" solution="ActivityFeedsCore (8.2.0.0)" />
        <Dependent key="1" type="62" />
      </MissingDependency>
      <MissingDependency>
        <Required key="55" type="61" schemaName="msdyn_/imgs/SiteMap/Activities_32_red_background.png" displayName="msdyn_/imgs/SiteMap/Activities_32_red_background.png" solution="ProjectService (1.1.0.62)" />
        <Dependent key="1" type="62" />
      </MissingDependency>
      <MissingDependency>
        <Required key="56" type="61" schemaName="msdyn_/imgs/NavTile_icon_PSA.png" displayName="msdyn_/imgs/NavTile_icon_PSA.png" solution="ProjectService (1.1.0.62)" />
        <Dependent key="1" type="62" />
      </MissingDependency>
      <MissingDependency>
        <Required key="57" type="61" schemaName="msdyn_/DedicatePage/DedicatePage.htm" displayName="msdyn_/DedicatePage/DedicatePage.htm" solution="FieldService (6.1.0.1462)" />
        <Dependent key="1" type="62" />
      </MissingDependency>
      <MissingDependency>
        <Required key="58" type="61" schemaName="msdyn_/imgs/SiteMap/ResourceAvailability.png" displayName="msdyn_/imgs/SiteMap/ResourceAvailability.png" solution="ProjectService (1.1.0.62)" />
        <Dependent key="1" type="62" />
      </MissingDependency>
      <MissingDependency>
        <Required key="59" type="61" schemaName="msdyn_/Icons/Sitemap/PurchaseOrder_32.png" displayName="msdyn_/Icons/Sitemap/PurchaseOrder_32.png" solution="FieldService (6.1.0.1462)" />
        <Dependent key="1" type="62" />
      </MissingDependency>
      <MissingDependency>
        <Required key="60" type="61" schemaName="msdyn_/Icons/Sitemap/RMA_32.png" displayName="msdyn_/Icons/Sitemap/RMA_32.png" solution="FieldService (6.1.0.1462)" />
        <Dependent key="1" type="62" />
      </MissingDependency>
      <MissingDependency>
        <Required key="61" type="61" schemaName="msdyn_/Icons/Sitemap/RTV_32.png" displayName="msdyn_/Icons/Sitemap/RTV_32.png" solution="FieldService (6.1.0.1462)" />
        <Dependent key="1" type="62" />
      </MissingDependency>
      <MissingDependency>
        <Required key="62" type="61" schemaName="msdyn_/Expense/App/Pages/Expense.htm" displayName="msdyn_/Expense/App/Pages/Expense.htm" solution="ProjectService (1.1.0.62)" />
        <Dependent key="1" type="62" />
      </MissingDependency>
      <MissingDependency>
        <Required key="63" type="61" schemaName="msdyn_/fps/Icons/Entity/Calendar_32.png" displayName="msdyn_/fps/Icons/Entity/Calendar_32.png" solution="MicrosoftDynamicsScheduling (1.0.2.152)" />
        <Dependent key="1" type="62" />
      </MissingDependency>
      <MissingDependency>
        <Required key="64" type="61" schemaName="msdyn_/ProjectTasks/App/Pages/ProjectTasks.htm" displayName="msdyn_/ProjectTasks/App/Pages/ProjectTasks.htm" solution="ProjectService (1.1.0.62)" />
        <Dependent key="1" type="62" />
      </MissingDependency>
      <MissingDependency>
        <Required key="65" type="61" schemaName="msdyn_/imgs/SiteMap/Resources_32.png" displayName="msdyn_/imgs/SiteMap/Resources_32.png" solution="ProjectService (1.1.0.62)" />
        <Dependent key="1" type="62" />
      </MissingDependency>
      <MissingDependency>
        <Required key="66" type="61" schemaName="msdyn_/fps/Icons/SchedulingNavTile.png" displayName="msdyn_/fps/Icons/SchedulingNavTile.png" solution="MicrosoftDynamicsScheduling (1.0.2.152)" />
        <Dependent key="1" type="62" />
      </MissingDependency>
      <MissingDependency>
        <Required key="67" type="61" schemaName="msdyn_/imgs/SiteMap/TimeEntry_Web_32.png" displayName="msdyn_/imgs/SiteMap/TimeEntry_Web_32.png" solution="ProjectService (1.1.0.62)" />
        <Dependent key="1" type="62" />
      </MissingDependency>
      <MissingDependency>
        <Required key="68" type="61" schemaName="msdyn_/Icons/Sitemap/CustomerEquipment_32.png" displayName="msdyn_/Icons/Sitemap/CustomerEquipment_32.png" solution="FieldService (6.1.0.1462)" />
        <Dependent key="1" type="62" />
      </MissingDependency>
      <MissingDependency>
        <Required key="69" type="61" schemaName="msdyn_/Icons/Sitemap/Calendar_32.png" displayName="msdyn_/Icons/Sitemap/Calendar_32.png" solution="FieldService (6.1.0.1462)" />
        <Dependent key="1" type="62" />
      </MissingDependency>
      <MissingDependency>
        <Required key="70" type="61" schemaName="msdyn_/Time/App/Pages/TimeEntry.htm" displayName="msdyn_/Time/App/Pages/TimeEntry.htm" solution="ProjectService (1.1.0.62)" />
        <Dependent key="1" type="62" />
      </MissingDependency>
      <MissingDependency>
        <Required key="71" type="61" schemaName="msdyn_/Icons/Sitemap/Inventory_32.png" displayName="msdyn_/Icons/Sitemap/Inventory_32.png" solution="FieldService (6.1.0.1462)" />
        <Dependent key="1" type="62" />
      </MissingDependency>
      <MissingDependency>
        <Required key="72" type="61" schemaName="msdyn_/Icons/Sitemap/Settings_32.png" displayName="msdyn_/Icons/Sitemap/Settings_32.png" solution="FieldService (6.1.0.1462)" />
        <Dependent key="1" type="62" />
      </MissingDependency>
    </MissingDependencies>
  </SolutionManifest>
</ImportExportXml>